2019-11-11 14:59:11,b'Thank you to all the #veterans who have served and protected our great country!\n\n#TheBronx #Bronx #ShopTheHub #Hub3rdAveBID #supportsmallbiz #supportlocal #supportsmallbusiness #TheBronxdoesitbetter #everydaybronx\xe2\x80\xa6 https://t.co/qFp1YY424V'
2019-11-11 14:33:33,"b'#mustsee #documentary #thebronx #bronxpride #ruthstruth @ Norwood, Bronx https://t.co/H7BfPPbMFn'"
2019-11-11 13:54:22,"b'The Bronx Brand Skully. Stay warm when it\xe2\x80\x99s brick \xf0\x9f\xa7\xb1 100% acrylic, black label logo, classic look. \xf0\x9f\x99\x85\xf0\x9f\x8f\xbd\xe2\x80\x8d\xe2\x99\x82\xef\xb8\x8f\xf0\x9f\x92\xaa\xf0\x9f\x8f\xbd\xf0\x9f\x99\x85\xf0\x9f\x8f\xbd #thebronx #thebronxbrand #skully #skullys #streetwear #bronxfashion #bronxwear #streetwearbrand #winterwear\xe2\x80\xa6 https://t.co/anQuHPrf3a'"
2019-11-11 13:11:37,"b'""Birds"" video coming soon by @therealkingmarv #NewMusic #BLKDONMOVEMENTENT #NEWYORK #MANHATTAN #THEBRONX #QUEENS #BROOKLYN #STATENISLAND #LONGISLAND #NEWJERSEY #CONNECTICUT #TRISTATEAREA #DRAKE #HOT97 #WBLS #POWER1051 #MTV #VH1 #LHHNY https://t.co/FKMfqJ95zi'"
2019-11-11 12:37:22,"b'I love where I\xe2\x80\x99m from but I love to travel and show off what #TheBronx created... #bronxkeepscreatingit #bx #love @ Bronx, New York https://t.co/z2PO30Skwo'"
2019-11-11 11:40:36,b'#thebronxismycanvas \n\nThe Bronx is my canvas\nThe Bronx is my canvas\nThe Bronx is my canvas\n\n#BoogieDown #Bronx #movies #kodakm35 #metrotrains #BehindTheScenes #BehindTheStory #6train\n\n#NewYork #thebronx #NYC #filmnoir         \n\nLink to Movie\n(link: https://t.co/YIqSL8oT7c ) https://t.co/8aoBmgzXNl'
2019-11-11 08:52:44,"b'Our newest @SoulSnacksNYC fan!  Happiness in every bite of our cookies, that are baked with Soul in The Bronx. You can order online or visit the cafe, where we stock ALL the flavors, that\xe2\x80\x99s 13 flavors of #Cookies \n#thebronx #soulfood #newyork #mondaythoughts #FoodForThought https://t.co/feaPQh9Ttc'"
2019-11-11 06:53:05,"b'Houses in #Fordham_Manor, #the_Bronx https://t.co/H6dLAh4YQ0\n\n#newyorkcity\n#thebronx\n#bronx\n#fordhammanor\n#bronxphotography\n#nycphotography\n#photography'"
2019-11-11 04:10:00,"b'A community is as strong as those willing to fight for its survival. Stream #DecadeOfFirePBS now on the @PBS app - anytime, anywhere. #TheBronx https://t.co/nR87ONNBoM'"
2019-11-11 04:02:29,"b""Great pics!\n\nThank you @JFKii and @newyorkvonni for sharing your insights on #UBI. Let's fight for the #FreedomDividend together!\n\n#NY13 #NY15 #WeOweUs #inclusionism  #theBronx #Harlem #yang2020 #YangGang @AndrewYang https://t.co/7pd4TpbhC1"""
2019-11-11 03:11:13,"b""#Bronx #Pentecostal 'Pastor' Runs Over Wife &amp; Chops Her With Machete https://t.co/RZUa5WmkCw #Catholic #Catholics #Catholicism #CatholicTwitter #News #TheBronx #VictorMateo #Dominican #Dominicano #NoeliaMateo #CostaRican #Latinos #DomesticViolence #Evangelicals #sacrilegesunday"""
2019-11-11 02:47:22,b'Happy birthday thbirthday to Dr. #CarlSagan. #Catholic #CatholicChurch #catholicism #Catholics #Christianity #instacatholic #instagram #God #Jesus #JesusChrist #Bible #TheBible #theology #faith #christian #TheBronx\xe2\x80\xa6 https://t.co/YwOqsfheWF'
2019-11-11 02:34:39,b'@HouseForeign @RepEliotEngel Horrific. #TheBronx stands w/ democratically elected indigenous government of #Bolivia not illegal right-wing coup-mongers backed by the #USA. @JamaalBowmanNY do you renounce the coup in #Bolivia and @RepEliotEngel defending it? @democracynow @theintercept @aoc @BernieSanders'
2019-11-11 01:38:33,b'#supportisfree\xf0\x9f\x94\xa5\xf0\x9f\x94\xa5\xf0\x9f\x92\xa8\n.. Beat Video Alert \xf0\x9f\x9a\xa8 .. \n@Xnsbeats35 Is A Machine\xe2\x9d\x97\xe2\x9d\x97 @knowningenious.. #offthevert \n#thetakeoverz\xf0\x9f\x94\xa5\xf0\x9f\x94\xa5\xf0\x9f\x92\xa8 #xposingnewsoundz #bx #thebronx \xf0\x9f\x85\xb1\xe2\x9d\x8e\xe2\x9c\x85 #digitalbombing #empire #edits #movies #music #beats #fatjoe\xe2\x80\xa6 https://t.co/n0u9D3dL4S'
2019-11-11 01:12:40,b'I\xe2\x80\x99m reading #InfinitySon by @AdamSilvera &amp; I\xe2\x80\x99m loving all this mention of #thebronx &amp; of phoenixes! And I\xe2\x80\x99m pretty sure I\xe2\x80\x99m a STAN for Emil b/c Brighton is getting on my nerves lmao \xf0\x9f\x98\x86'
2019-11-10 21:02:30,b'Not Quite Sunset #throggsneck #thebronx #trumplinks #evergreens https://t.co/VDKFdRASeH'
2019-11-10 19:58:21,b'DAME BANDA \xf0\x9f\x87\xa9\xf0\x9f\x87\xb4 #erredeus #damebanda #unavainabien #dare #dominican #republicadominicana #dominicanrepublic #washingtonheights #thebronx #bronx #inwood #jerseycity #dembow #merengue #salsa #bachata #errede #urbanos\xe2\x80\xa6 https://t.co/R8q3oD3VHy'
2019-11-10 19:06:19,"b""Mosaic Literary returns with the Mosaic Literary #Conference in #TheBronx on Saturday, November 16th around #JamesBaldwin's ANOTHER COUNTRY: Building Sustainable Mythologies! Register and learn more here: https://t.co/16AnzA49FW"""
2019-11-10 18:56:33,"b'#OnThisDateInHipHop, Christopher #BigPun Rios was born in #TheBronx, #NewYork. Big Pun would grow up to: (1) write #raps in his teens, (2) be a member of Full A Clips, (3) be known as #BigMoonDawg, (4) not be a player, (5) release 2 albums [1 posthumousl\xe2\x80\xa6 https://t.co/f0tSGzDtaJ https://t.co/IyOM5AHHqE'"
2019-11-10 18:29:29,"b'\xe2\x80\x9cThis is where I want to be\xe2\x80\x9d\n\nLocated at 2823 Third Avenue and run by Elidex Realty, the development is a four-story modern office space designed to boost the business profile of the busy commercial district.\n\nhttps://t.co/LxEgMbeKGu\n\n#Bronx #BronxNYC #TheBronx #ElBronx https://t.co/QpAJnsUGS7'"
2019-11-10 17:55:38,b'\xf0\x9f\x87\xae\xf0\x9f\x87\xb9 \xf0\x9f\x87\xba\xf0\x9f\x87\xb8  Support your local peanut vendor  \xf0\x9f\xa5\x9c\xf0\x9f\xa5\x9c\xf0\x9f\xa5\x9c\nhttps://t.co/ySkhX7tbHY \n\n#LittleItaly #NYC #LittleItalyNYC #newyorkcity #nycweekend #Manhattan #Brooklyn #TheBronx #Bronx #Queens #StatenIsland #newyorkersbelike #peanutvendor #peanuts #vinny #vinnypeanuts #vinnysnuthouse #nuthouse https://t.co/uckQtLEKvp'
2019-11-10 16:49:45,b'Flashback \xe2\x9a\xa1\xef\xb8\x8fSouth Bronx \xf0\x9f\x93\x8d\xf0\x9f\xa4\x8e characters by #Phetus \n#graffiti #streetart #mural #nycgraff #nyc #southbronx #thebronx #contemporaryart #modernart #popart #photography #illustration #color #spraypaint @ In The Bronx https://t.co/HOXRojhuRi'
2019-11-10 16:49:45,b'Flashback \xe2\x9a\xa1\xef\xb8\x8fSouth Bronx \xf0\x9f\x93\x8d\xf0\x9f\xa4\x8e characters by #Phetus \n#graffiti #streetart #mural #nycgraff #nyc #southbronx #thebronx #contemporaryart #modernart #popart #photography #illustration #color #spraypaint @ In The Bronx https://t.co/HOXRoiZTZK'
2019-11-10 16:12:28,"b'Happy Birthday and Salute to the #Legendary #BigPun #TheBronx #TerrorSquad #Fatjoe #RIPPun #puertorico #father #Husband #windowsofhiphop #IAMAMEMBER #eyeoftheelements @ Bronx, New York https://t.co/8K6tGBzjwk'"
2019-11-10 16:11:02,b'Which popular Bronx Churrasco spot would you pick? \nA) ig: ajoyoregano\nB) ig: escape_latino\nC) Other (Tell us your favorite Churrasco spot) \n\n#bronx #bronxeats #thebronx #thebx #bronxfood #bxnightmarket #bronxnightmarket #spanishfood https://t.co/TdhEciG2cu'
2019-11-10 15:56:17,b'#newmusic #comingsoon as always.\n.\n.\n.\n.\n.\n. .\n.\n.\n.\n.\n.\n.\n#preview #inthemaking #comingsoon #youtube #hiphopcluture #art #artist #bangers #beef #itunes #spotify #google #hiphop #rappper #newyorkrap #thebronx\xe2\x80\xa6 https://t.co/8uidtP4la6'
2019-11-10 15:42:49,b'.@Chas10Buttigieg when will you be back in the #TheBronx @greenBXmachine  @PeteButtigieg https://t.co/ks10FkADl3'
2019-11-10 14:38:18,b'Now this was some quality whiskey ! The after taste was delicious and had it almost all day shits fireeee !!! #whiskey #48% #delicious #worthit #drankkk #nyc #statenisland #brooklyn #manhattan #queens #thebronx\xe2\x80\xa6 https://t.co/VIfW9IDPYl'
2019-11-10 14:32:49,b'Morning folks! If I had to count all of the hours I put it in coordinating &amp; producing #BronxBookFest it\xe2\x80\x99s would equate to thousands &amp; thousands of hours. I love #books &amp; #authors &amp; #illustrators &amp; #comics &amp; #graphicnovels I also love #thebronx.'
2019-11-10 14:28:08,b'Happy Birthday Marines\n\n#marines #marinecorps #optimisticseeker #holistic #motivation #inspiration #selfimprovement #thebronx #personaldevelopment #lifedirection #lifebalance #lifepurpose #newyorkcity #phoenix https://t.co/aa8RZq5V04'
2019-11-10 13:48:01,b'Happy Birthday Marines\n\n#marines #marinecorps #optimisticseeker #holistic #motivation #inspiration #selfimprovement #thebronx #personaldevelopment #lifedirection #lifebalance #lifepurpose #newyorkcity #phoenix https://t.co/TBaK2DMKKg'
2019-11-10 12:41:09,"b'If you have school-aged children, this should infuriate you. \n\nHow are we holding companies like #Juul accountable, and what resources are we dedicating to help newly addicted teenagers in #NYC quit? \n\n@RepAOC @AOC @NYCDOE @NYCMayor #VapingEpidemic #Smoking #TheBronx #Sunday https://t.co/lSM0HRy5yh'"
2019-11-10 06:49:52,b'A No. 5 train crosses White Plains Road and Cruger Avenue. https://t.co/GTMl2jxMfO\n\n#nytransitmuseum\n#newyorkcitysubways\n#newyorkcity\n#bronx\n#thebronx\n#bronxphotography\n#nycphotography\n#photography\n#subwayphotography\n#mtaartsdesign'
2019-11-10 04:27:07,"b'Extremely excited about this! Would love to see some folks from #thebronx applying to this FREE mentorship program. Let\xe2\x80\x99s go folks, y\xe2\x80\x99all already know I want to see more of you published. This is a way to get it done! Better your craft, make connections. I\xe2\x80\x99m so ready to support! https://t.co/pZRU0hyzSI'"
2019-11-10 04:26:29,"b'""YES"" by .@fatjoe feat .@iamcardib &amp; @anuelaaworld #DrumCover Coming Soon. \xf0\x9f\x8e\xa5 by .@Official12BY6 \n\n#TheBronx #AnthonyAndersonDrums #DrumCover #Drummer #NYC #Bronx #Artist #Musician https://t.co/xuvkMu1oXn'"
2019-11-10 03:39:28,b'\xf0\x9f\xa5\x81\xf0\x9f\x8e\xa5\xf0\x9f\x9a\xa8Official #DrumCover trailer for .@fatjoe #YES UP NOW! Shot by .@Official12BY6! Click the link and tell me what you think?!! \nhttps://t.co/AxIZc0OIVG\n#anthonyanderson #fatjoe #thebronx #nycmusicians https://t.co/yxsQU1WC2d'
2019-11-10 03:04:43,b'Asar LB to JDL: You killed that Wildstyle shit!!! #jdl #coldcrushbrothers #thebronx #bx #emcees #hiphophalloffame #wildstyle #freshflywildbold #hiphop @ The NYC Graffiti Events Center https://t.co/r5RNxwzIYg'
2019-11-10 02:44:20,b'#supportisfree\xf0\x9f\x94\xa5\xf0\x9f\x94\xa5\xf0\x9f\x92\xa8\n.. Beat Video Alert \xf0\x9f\x9a\xa8\n \xe2\x9c\xb4Your Hate Motivates Me\xe2\x9c\xb4 @Xnsbeats35 @knowningenious.. #offthevert \n#thetakeoverz\xf0\x9f\x94\xa5\xf0\x9f\x94\xa5\xf0\x9f\x92\xa8 #xposingnewsoundz #bx #thebronx \xf0\x9f\x85\xb1\xe2\x9d\x8e\xe2\x9c\x85 #digitalbombing #edits #movies #equilibrium\xe2\x80\xa6 https://t.co/dTMX86xuY6'
2019-11-10 02:11:06,"b""Thanks to the Hijos de Sonora Sports group and the approval of the @PFSLCOMMISH, we've got something special when we roll into #TheBronx for our game verses the 1-0 @BronxBaboons! We'll be ready! Past and Present fans:  Will you? #StrikeSquad #RunningWild #StrikingWild https://t.co/2ybmUlP3HB"""
2019-11-10 00:39:32,"b""Why is @AOC door knocking and talking to voters in #Iowa which is halfway across the country from #TheBronx which she represents. Make no mistake, this is NOT for @BernieSanders! She's already planning her 2028 Presidential bid, and she's got my vote! #AOC #FBR #FBRParty #Resist"""
2019-11-09 23:26:59,"b'Opportunities for #LPN (Licensed Practical #Nurse) in The Bronx, #The Bronx #Nurse #LPN https://t.co/IZByPKCDpz #thebronx'"
2019-11-09 21:14:48,b'\xe2\x80\x9cRapping is my life I\xe2\x80\x99m doing this till I\xe2\x80\x99m dead\xe2\x80\x9d - Classic \n#BronxTale #merchandise #nyc #thebronx @ Westchester Avenue https://t.co/3r9eHjXgDD'
2019-11-09 20:56:36,b'Feeling like a sailboat coming in for the winter.  #cityisland #thebronx #onthewater #november #boatsareinforthewinter https://t.co/UcFScAmdIQ'
2019-11-09 19:42:01,"b'A community is as strong as those willing to fight for its survival. Stream #DecadeOfFirePBS now on the @PBS app - anytime, anywhere. #TheBronx https://t.co/nR87ONNBoM https://t.co/iloPtZERmv'"
2019-11-09 19:00:10,"b""\xe2\x8c\x87 STAFF PICKS \xe2\x8c\x87\n\n\xe2\x8c\xbe Meet: Dave Machinist // Our Badass COO \xf0\x9f\x96\xa4\n\xe2\x8c\xbe Tips: Do go hard in the pit &amp; Don't forget to buy your friend a ticket\n\xe2\x8c\xbe Recommends: @Pennywise w/ #TheBronx &amp; @Authority_Zero at @EmpireATX on Nov 20th!\n\n\xf0\x9f\x8e\x9f: https://t.co/1cviXVOo69\n\xf0\x9f\x97\x93: https://t.co/frEXJxMh4Q https://t.co/JrKDHzmg3q"""
2019-11-09 18:55:38,"b'Bottles of Vegan Coquito On sale now - Jan 1st! PINT $10, quart $15, 1/2 gallon ($20) sizes. Order TODAY!!#vegancoquitoforsale #vegancoquito #nyc #harlem #brooklyn #queens #thebronx #statenisland #coquitoseason #holidaydrinks #sale #promo #sidehustlesaturdays #partybagelitist https://t.co/xbggHQncTJ'"
2019-11-09 18:45:28,b'Long way down ft stotty_p on everything.. hit the bio .\n.\n.\n.\n.\n.\n.\n.\n.\n.\n.\n.\n.\n.\n.\n.\n\n#selfie #selfmade #hardtimes struggle #newmusic #video #itunes #tidal #apple #google #hiphop #rappper #newyorkrap #thebronx\xe2\x80\xa6 https://t.co/7oBEL01lNf'
2019-11-09 18:10:50,b'EXCLUSIVE interview with the father of a woman whose ex-boyfriend allegedly set their apartment on fire with their baby daughter inside. The suspect now under arrest for attempted murder and arson @News12BX #thebronx #arson #fdny #exclusive #nycnews #news'
2019-11-09 17:16:32,b'Same with large parts of #Queens &amp; #brooklyn and even in #TheBronx &amp; StatenIsland https://t.co/PJYy2TZc8f'
2019-11-09 17:00:04,b'READ \xf0\x9f\x93\x96 LISTEN \xf0\x9f\x8e\xa7 How the birth of #hiphop emerged from #TheBronx fires. \n[\xe2\x9c\x8f\xef\xb8\x8f @jellyschapiro] https://t.co/B0dGVNGSgp'
2019-11-09 16:12:23,b'Looking through her list of things to get today.\n\nSouthern Blvd \n\n#thebronx #bronx #thebx #bx #boogiedownbronx #bronxbestshots #everydaybronx #southbronx #fromthebronx #bronxnative #bronxnarratives\xe2\x80\xa6 https://t.co/DnikJdh7T3'
2019-11-09 15:54:17,b'#ItsTheDayOfTheShowYall Tonight and tomorrow 2nd Annual Bronx Dance and Drum Festival hosted by @bombazodanceco at @pregonesprtt! #bomba #afrolatinx #diaspora\n*\n*\n*\n*\n#thebronx #newyork #bombazodanceco #baile #canto #vocals #vocalist #dancer #dancerslife https://t.co/zDekzmsdqT'
2019-11-09 15:15:04,b'Ready to improve with EOS? 8 tips for getting started https://t.co/KB6dekUINA\n\n#TechBusiness #Automation #Accountability #Dashboards #BusinessSystem #Accountants #SMB #Tech #Innovation #CEO #Alerts #GoGravity\n\n#NYSSCPA #NewYork #TheBronx #Brooklyn #Manhattan #NYC #NYTech #NYCTech https://t.co/eeyPzAjMX7'
2019-11-09 14:20:04,b'5 tips: Better Efficiency for Your Accounting Team https://t.co/RVEiN1KMYR\n\n#SmallBusinessSaturday #BusinessOwners #SharkTank #Entrepreneurs #BusinessGrowth #Strategy #AccountingSystems #Tech #Automation \n\n#NYSSCPA #NewYork #TheBronx #Brooklyn #Manhattan #NYC #NYTech #NYCTech https://t.co/2XrIWxh0W1'
2019-11-09 13:07:04,b'\xf0\x9f\x8f\x99\xf0\x9f\x8e\xa8 \n.\n.\n.\n#graffiti #tag #tagger #tagging #art #spraypaint #paint #bronx #thebronx #newyorkcity @ The Bronxx NYC https://t.co/rZt5ax4zsK'
2019-11-09 07:04:16,b'Looking south from the Freeman Street Station on the Nos. 2 and 5 Lines. https://t.co/ADP7ZZ3Fwf\n\n#nytransitmuseum\n#newyorkcitysubways\n#newyorkcity\n#bronx\n#thebronx\n#bronxphotography\n#nycphotography\n#nycsubwayphotography\n#photography\n#subwayphotography\n#mtsartstransut'
2019-11-09 04:47:48,b'This duo fixed their car and sped out of the Bronx before the Skinny Panda even noticed they were gone. Never let your guards down. #missionpossibleescaperoom #escapefromthebronx #thebronx https://t.co/Ip8ijEgriG'
2019-11-09 04:24:55,"b'Saturday, November 9th: Please join SinXero on his exclusive solo exhibit in The Bronx... #Sanctuary #SinXero #Artist #Art #TheBronx #Exhibit #SoloExhibit #NewYorkCity #USA https://t.co/ZVhQEzN2X5'"
2019-11-09 03:51:49,b'WEEKDAY MAGAZINE \xe2\x80\x93 The Bronx-La Villette... #SouthBronx #LaVillette #PhotoExhibit #Photographer #Paris #BronxLove #TheBronx #France #NewYorkCity #USA https://t.co/qRw1HA0hbP via @Crunchify https://t.co/KI13ROmnOw'
2019-11-09 03:38:18,b'Best of the Bronx: Meet Keylen Oliver... #BronxLove #BronxFuture #Artist #Art #KingsofHope #Design #ArtPosters #Posters #TheBronx #NewYorkCity #USA https://t.co/1uhgDS1Cnr'
2019-11-09 03:35:00,b'How #hiphop music rose from the ashes of #TheBronx\xe2\x80\x99s decade of fire https://t.co/B0dGVNGSgp'
2019-11-09 00:41:47,b'Got damn right! #TheBronx #thebronxdoesitbetter https://t.co/qUZ4678cHX'
2019-11-08 21:06:03,b'For #followfriday we are featuring images hashtagged #everydaybronx \nTrain Yard\n\nPhoto by _sevenone8__ \n\n#everydaybronx #everydayeverywhere #everyday #bronx #thebronx #bx #nyc #bronxlife #dailylife #dailylifebronx\xe2\x80\xa6 https://t.co/b7l26Nqh2f'
2019-11-08 20:33:53,b'Tomorrow @evoloveglobal #BXSports #TheBronx @ BX Sports https://t.co/9QZ24ZFFLT'
2019-11-08 20:27:50,b'The Bronx is Burning - 3 Disc DVD Special Edition Set - Complete 8-part TV miniseries based on the best selling novel - Available Now to Order Here: https://t.co/MVC5OH1BUg - #Yankees #ESPN #ESPNMovies #SportsFilms #BronxIsBurning #TheBronx #Baseball #SportsMovies https://t.co/cZ1a0lORWt'
2019-11-08 20:09:51,b'Me outside today. #NewYork #cold #FridayThoughts #TheBronx https://t.co/W8BiNql877'
2019-11-08 20:09:46,b'Definitely a couple who know great cookies! Thank you! @SoulSnacksNYC  cookies appreciate the \xe2\x99\xa5\xef\xb8\x8f. All the flavors are stocked in the #soulsnackscafe #thebronx #soulfood #FridayFeeling https://t.co/kaigL9jCqI'
2019-11-08 19:28:48,b'#JUSTegg now ON SALE on our website! get FREE DELIVERY with code: FALLFORNOCARNE\n\xe2\xa0\x80\nor you can get a FREE Bottle of JUST Egg when you spend $35 or more.\n\xe2\xa0\x80\n#NoCarneBODEGA #TheBronx #NYCvegan'
2019-11-08 19:16:02,"b'Daphne.\n\nThe Bronx, 02 November 2019\nCamera: Nikon D810\n\xc2\xa92019 Brent Wilkins\n\n#thebronx #bronx #airbnbexperience #airbnb #airbnbexperiences #newyork #nyc #streetfashion #photoshoot @ The Bronx https://t.co/ognyRaSjkc'"
2019-11-08 18:18:25,b'@yonimweiss @2AvSagas @sethmpk This is a great article. The same can be said of the former 3rd Avenue El in #TheBronx.'
2019-11-08 18:03:58,"b'\xf0\x9f\xa5\x81\xf0\x9f\x99\x85\xf0\x9f\x8f\xbd\xe2\x80\x8d\xe2\x99\x82\xef\xb8\x8f\xf0\x9f\x8e\xac My Block, My Bronx! Stay tuned! The epic trailer presented by .@Official12BY6 for our DOPE collab honoring all things BX! \xf0\x9f\x8e\xa5For BTS click the link https://t.co/0BJjRLukUD THIS one is for the BRONX! #anthonyandersondrums #NewMusicFriday #12by6 #TheBronx #FollowFriday https://t.co/fAkkM2SIVq'"
2019-11-08 17:22:08,b'Used to be really ghetto; now it\xe2\x80\x99s less ghetto but still a little ghetto. #TheBronx'
2019-11-08 17:10:37,b'For #followfriday we are featuring images hashtagged #everydaybronx \nStreet art in progress \n\nPhoto by @bostonbronx \n\n#everydaybronx #everydayeverywhere #everyday #bronx #thebronx #bx #nyc #bronxlife #dailylife\xe2\x80\xa6 https://t.co/aasFxR2xl1'
2019-11-08 16:35:08,"b'Everything comes up roses when MH3 Parent Coordinator Janet Medina is around! Thank you for shining your sunshine on our MH3 community, day in and day out, and for making MH3 a welcoming environment for all! #ParentCoordinator #TheBronx #community #sunshine https://t.co/8ab4SZGqYj'"
2019-11-08 15:40:30,b'The #ThirdAvenueBID is hosting the mandatory Sexual Harassment Training today at our offices which is being conducted by the New York District office of the useeoc.\n\n#TheBronx #Bronx #sexualharassment @ Bronx\xe2\x80\xa6 https://t.co/qX0drTrAjG'
2019-11-08 15:10:09,b'Business Financials for Family Home Office https://t.co/pl4NfzvTTe\n\n#Microsoft #Dynamics365CE @GoGravityOnline #Cloud #Accounting #MsDynCRM #FamilyOwned #SmallBusiness #Mobility  #OnlineBiz #AICPA #FamilyOffice #SMBs\n\n#NYSSCPA #NewYork #TheBronx #Brooklyn #Manhattan #NYC https://t.co/ofQWngt2d8'
2019-11-08 15:05:34,b'Nov 8 2019 Winter has come early.\n#2ndhalftravelphotography #jonathanlessuck #travelsinthe2ndhalf #photography #artforsalebyartist #jlessuckphotography \n.\n.\n#thebronx #thebronxnyc #yonkersny #winter #blackandwhite\xe2\x80\xa6 https://t.co/VRHhIGuFtb'
2019-11-08 14:56:14,"b'The Only Borough so Original the word ""THE"" had to be first. #THEBRONX'"
2019-11-08 14:22:57,b'Cover Love: Frontline Faces\n \nGet your copy of the Boogie Down\xe2\x80\x99s bilingual newspaper...\n \nhttps://t.co/ZvagilRB3g    \n \n#Bronx #BronxNYC #TheBronx #ElBronx #BronxFreePress #TheX https://t.co/pfoFBjyb2x'
2019-11-08 14:19:14,b'Sometimes a customer calls and you have a 10 minute conversation first thing in the morning. The first minute is spent selling him your product and the other 9 are talking about #TheBronx and pernil sandwiches.'
2019-11-08 14:17:12,b'This in my opinion is how you slow down the gentrification process in #theBronx . I have been warning the powers that be about this technology opportunity and possible displacement for a 8 years. Here what I think needs to happen ASAP #massideation #metabronx https://t.co/RwDgEv3rmR'
2019-11-08 12:56:38,b'For #followfriday we are featuring images hashtagged #everydaybronx \nBronx Sunrise\n\nPhoto by knarfnarocroc \n\n#everydaybronx #everydayeverywhere #everyday #bronx #thebronx #bx #nyc #bronxlife #dailylife\xe2\x80\xa6 https://t.co/SHQM0olb1z'
2019-11-08 12:50:51,b'WEEKDAY MAGAZINE \xe2\x80\x93 The Bronx-La Villette... #Paris #Exhibition #Love #TheBronx #LaVillette #Photography #PhotoDocumentary #NewYorkCity #France #USA https://t.co/yGtM4TlRO0 via @Crunchify'
2019-11-08 12:01:02,"b""Yankees set to name Indians' Matt Blake as pitching coach. \n#TheBronx #SouthBronx #Yankees \nhttps://t.co/HAk3t6hUd6"""
2019-11-08 09:34:53,b'@VOCALNewYork Robert T Johnson and Darcel D Clark are unfit to be in any public office and should be held accountable! @NAACP @NAACP_LDF #unacceptable #DoBetter #TheBronx'
2019-11-08 04:40:31,"b'And #TheBronx too, except I\xe2\x80\x99d restore the street grid and the nabes decimated by asthmaways like the Cross-Bronx. Parks, housing, RAPID transit, and other amenities instead of perpetual #asthma! #Not62 #DeleteTheHighways https://t.co/T0KpzwgrsF https://t.co/wGlvCxYaAZ'"
2019-11-08 01:25:14,"b""@pattysuss Margaret Leech = Amazing Person. Her 2 #pulitzer winning POTUS books are still in print, still great reads. Her life was like a movie. She's interred @WoodlawnCemNY #TheBronx"""
2019-11-07 23:57:06,b'Can I flex on my soror a little bit? She was just elected as a Justice on the New York State Supreme Court! \xe2\x9a\x96\xef\xb8\x8f\n#dst1913  #bxacdst #thebronx \n\nhttps://t.co/2qu7pUfT4O'
2019-11-07 23:09:47,"b'Growing up, @tatscru introduced me to graffiti and the world of art.  I loved seeing the new murals they created on my block. #BXPride #thebronx https://t.co/LlbblWnbkD'"
2019-11-07 23:00:16,"b'Register now for our Mixed Martial Arts Program.  For ages and above, classes are offered Tuesday, Thursday, and Saturday.  Registration ends on Sunday, November 24th.  Call us for more information! \n\n#nyc #mma #bjj #thebronx #elbronx #nyckids #fitness #not62 #nyckidactivities https://t.co/hDK9QfHiO8'"
2019-11-07 22:44:16,b'@ZeroOttoNove089 (2357 Arthur Ave.) had its draft lines cleaned!\n\nhttps://t.co/3AJPGHT0xz\n\n#ZeroOttoNove #ZeroOttoNoveArthurAve #ArthurAvenue #ArthurAve @ArthurAveBX #BronxLittleItaly #TheBronx #ItalianFood #ItalianNYC #ItalianFoodNYC #Pizza #Beer #DraftBeer #LiquidAssetsNYC https://t.co/FrJQmjYpYH'
2019-11-07 22:26:21,b'Bronx man busted in caught-on-video elevator beatdown. #TheBronx #SouthernBlvd  https://t.co/0YB8025ByH'
2019-11-07 22:25:56,b'Parolee shot dead in the Bronx less than a month after his release from prison; second man wounded. #TheBronx https://t.co/vnCXJolg8Z'
2019-11-07 22:25:39,b'Bronx jury awards $11 million to man shot by cops and partially paralyzed in 2006. #TheBronx #SouthBronx https://t.co/vxUdnIvJXo'
2019-11-07 22:24:17,"b'Bronx gun suspect beats two cases after one arresting officer dies by friendly fire, the other busted for child porn. #TheBronx https://t.co/TgFC6TB8nP'"
2019-11-07 22:22:24,b'Fun fact. Joker had $1 cup of coffee.. \xf0\x9f\x98\x82 \xf0\x9f\x83\x8f #jokerstairs #thebronx #jokermovie #wildari #visitthebronx #1dollarcupofcoffee @ Joker Stairs https://t.co/gTZNPFiys7'
2019-11-07 22:18:13,"b'@AOC should definitely run for #POTUS in 2024. At which point she will have 5 years of public office held, be exactly 35 at the date of election and is from #TheBronx. We have someone far less qualified in the office now &amp; the last time we voted for #change we got the best type.'"
2019-11-07 21:37:24,b'G i V e  A  m A n  A  M a S k ! \n.. and he\xe2\x80\x99ll become his true self \xf0\x9f\xa4\xa1\n.....#joker......\n#putonahappyface\n.\n.\n#gothamcity #happy #photografy #dancing #thejoker #movie #stairs #thebronx #ny #nycity #world #inspiration\xe2\x80\xa6 https://t.co/Wz1MUVfgK3'
2019-11-07 21:32:38,"b""HAD THE CHANCE TO WORK WITH THIS TALENTED ELEVEN YEAR OLD DANCER FROM #THEBRONX .. #BRANDNEW VISUAL DROPPIN' TOMMOROW\xe2\x80\xbc\xef\xb8\x8f #MUZICEVOLUTION #DANCEISLIFE #CINEMATOGRAPHER #EDITOR #ENTREPRENEUR #CROWNJEWELVISUALZ  #VISUALIZEYOURCROWN https://t.co/p55CqABFzA"""
2019-11-07 21:30:16,"b'Register now for our Youth Technology Program! \n\nClasses starts Sunday, November 16th at 6:30pm. Call us at 718-758-5901 for more information!\n\n#nsccbx #STEM #STEAM #STEMforKids #TheBronx #ElBronx #NYCkidsactivities https://t.co/FRhhOJRZv8'"
2019-11-07 21:28:46,b'P u T oN  A  h A p P Y  f A c E \xf0\x9f\xa4\xa1\n.....#joker......\n.\n.\n#gothamcity #happy #photografy #dancing #thejoker #movie #stairs #thebronx #ny #nycity #world #inspiration #model #fashion #style #batman\nysl\xe2\x80\xa6 https://t.co/o9ngHT1qbV'
2019-11-07 21:23:02,b'Arthur Ave Fiasco (2376 Arthur Ave) had its draft lines cleaned!\n\nhttps://t.co/V5S0k3c7Rs\n\n#Fiasco #ArthurAveFiasco @ArthurAveBX #ArthurAvenue #ArthurAve #BronxLittleItaly #TheBronx #ItalianFood #ItalianNYC #CoalOvenPizza #PizzaAndBeer #Beer #DraftBeer #LiquidAssetsNYC https://t.co/7YtyCEDd4y'
2019-11-07 20:25:03,b'https://t.co/dKVLWr9Wqq\n#theBronx wins'
2019-11-07 20:21:19,"b'Finally finished the #SubI circuit! Thanks @MontefioreNYC @EinsteinMed for the most fun #neurosurgery rotation, the bloodiest shoes, #FirstEVD, &amp; making me feel like part of the #team! Let #Match2020 Season 2: Interviews begin! @Goldenapple100 @MousaHamadMD @rafdelag #TheBronx https://t.co/g3Ma9WLILF'"
2019-11-07 19:56:57,b'Its Thursday Night Football  #Raiders \n.\n.\n#Football #Oakland #RealGeeQ #RealGeeQFitted #CapsOn #Fitted #OwnIt #TodaysFitted #Culture #Fashion #Style #TheBronx #Features https://t.co/zO6aDltavH'
2019-11-07 19:50:47,b'Atmospheric bit of counter-culture. \n.\nTotally recommended\n.\n#FuzzOne #VincentFedorchak #Graffiti #GrafittiArt #Graff #NewYork #NYC #TheBronx #Brooklyn #1970s #Art #Urban https://t.co/HXPvwtGpeT'
2019-11-07 19:47:52,b'For #shoutoutthursday we are also featuring our friends everydaymotorcity. \n\xe3\x83\xbb\xe3\x83\xbb\xe3\x83\xbb\nDina Bankole with Rabbit and Palms. Photo by @noahandpizza. \n\n#everydaybronx #everydayeverywhere #bronx #thebronx #everydaymotorcity\xe2\x80\xa6 https://t.co/ywq1lSnxrg'
2019-11-07 19:33:56,"b'\xe2\x80\x9cThis is where I want to be\xe2\x80\x9d\n\nLocated at 2823 Third Avenue and run by Elidex Realty, the development is a four-story modern office space designed to boost the business profile of the busy commercial district.\n\nhttps://t.co/LxEgMbeKGu\n\n#Bronx #BronxNYC #TheBronx #ElBronx https://t.co/x9WDxwc2pY'"
2019-11-07 19:23:15,b'Samelys Lopez \xe2\x80\x94 Donate via ActBlue\nhttps://t.co/0hiOuZFrJN\nWhy would @SamelysLopez be a great champion for the #PWDCommunity in #Congress she supports #EqualityMarriage for #PWD without loosing our benefits please donate #EqualAccess #GoSamelysGo #NY15 #TheBronx \xe2\x99\xbf'
2019-11-07 18:04:57,b'#TheBronx knows what\xe2\x80\x99s up!! Let\xe2\x80\x99s approve a matching system #FairElection https://t.co/NdiZHRPbuP'
2019-11-07 17:31:27,"b""I played on all levels, now it's the corporate league circuit. \n.\n#Culture #Fashion #Style #TheBronx #RealGeeQ #NewYorkCity #NYC #Nike #Footlocker #OG #Basketball #Harlem @ Mid Town Nyc https://t.co/ngYnftxrfd"""
2019-11-07 16:30:31,b'420 JOB LISTING: Trimmer for Marijuana Grower in #TheBronx #NewYork #NY | #Weed #Bud #Trimmer #Marijuana #Jobs #Cannabis #Careers #MMJ #Job #THC #Career #CBD #JobSearch #Hemp #Hiring #MJCC #Employment *APPLY FOR THIS JOB NOW @ https://t.co/AYzBFphxqa'
2019-11-07 15:38:16,"b'Throwback Thursday: Pops and I, The Bronx, 1975\n\n#throwbackthursday #throwback #optimisticseeker #holistic #motivation #inspiration #selfimprovement #thebronx #personaldevelopment #lifedirection #lifebalance #lifepurpose #newyorkcity #phoenix #dr https://t.co/gkdndcO70p'"
2019-11-07 15:28:23,"b'Throwback Thursday: Pops, The Bronx, 1975\n\n#throwbackthursday #throwback #optimisticseeker #holistic #motivation #inspiration #selfimprovement #thebronx #personaldevelopment #lifedirection #lifebalance #lifepurpose #newyorkcity #phoenix https://t.co/nh48JGv6iF'"
2019-11-07 15:26:02,b'@ramonafreyra advocating for #NYCHA residents @NYS15 Congressional district with no elevators. Wheelchair bound seniors \n#thebronx #mitchellhouses @USCongress @RepAOC @RepNydiaVelasquez release the $$ https://t.co/txGMVyDZcn'
2019-11-07 15:19:39,b'Shoutout to adamlevineperes for taking this meme to the next level \xf0\x9f\x99\x85\xf0\x9f\x8f\xbd\xe2\x80\x8d\xe2\x99\x82\xef\xb8\x8f\xf0\x9f\x98\x82\xf0\x9f\x99\x85\xf0\x9f\x8f\xbd #thebronx #awholenewworld #bronxaladdin #bx #bxny #bronxmemes #nymemes #nycmemes #thisisthebronx #bronxnation #ilovethebronx #bronxlove\xe2\x80\xa6 https://t.co/eEUQzL5YcB'
2019-11-07 15:11:59,"b'""Birds"" by @therealkingmarv video coming soon #NEWMUSIC #HIPHOP #rnbmusic #HARLEMWORLD #MANHATTAN #THEBRONX #BROOKLYN #QUEENS #STATENISLAND #LONGISLAND #CONNECTICUT #NEWJERSEY #EXPLOREPAGE #TrendingNews #Hollywood #musician #Politics #2019 #NEWHEAT #Billboard https://t.co/997nFGAafZ'"
2019-11-07 14:48:14,"b'@sandypsj @_cityjunk I agree that this is an interesting trend! If a large chunk of Waterbury riders are from #TheBronx, you could  have Waterbury trains make Fordham en route to GCT and/or send em via PSA to serve the new Bronx stations.'"
2019-11-07 14:43:13,"b'""Birds"" Video coming soon #NEWARTIST #HIPHOP #HARLEM #MANHATTAN #THEBRONX #QUEENS #STATENISLAND #LONGISLAND #BROOKLYN #JERSEY #CONNECTICUT #TRISTATE #MUSIC #LIFE #NEW #HEAT #EXPLOREPAGE #TRENDING @HOT97 @Power1051 @djself @djcamilo @djenuff @funkflex @BLKDONMOVEMENT https://t.co/erKJBKdaS1'"
2019-11-07 14:26:09,b'You had to be there to know! \xf0\x9f\x91\x8d\xf0\x9f\x8f\xbe\nYou had to be outside! 2006-2010\n#soundcloud #music #marmot #era #comeup #szn #hoodieszn #bbsimon #newyorkcity #thebronx https://t.co/ySPUTPgyBF'
2019-11-07 11:28:31,b'Broken elevators frustrate South Bronx residents... #NYCHA #Despair #Housing #Elderly #Disabled #Home #CityHall #TheBronx #GovCuomo #NewYorKState #NewYorkCity #USA https://t.co/1jjySaD8ZK via @pix11news'
2019-11-07 09:53:00,"b'A community is as strong as those willing to fight for its survival. Stream #DecadeOfFirePBS now on the @PBS app - anytime, anywhere. #TheBronx https://t.co/nR87ONNBoM'"
2019-11-07 07:22:11,b'#NowPlaying @FINALLEVEL @AfrikaIslam 6 N The Morning\nKeeping #REALHIPHOP Alive\n#GetPaid #SuckaFreeRadio #OGs #SouthCentral #LosAngeles #California #TheBronx #BoogieDownBronx #NewYork #NY'
2019-11-07 05:56:01,"b'A community is as strong as those willing to fight for its survival. Stream #DecadeOfFirePBS now on the @PBS app - anytime, anywhere. #TheBronx https://t.co/nR87ONNBoM https://t.co/vji4c6j4tI'"
2019-11-07 02:07:52,b'The Mosholu Parkway Station on the No. 4 line. Photo by @fromthebronx/@rochdalian #everydaybronx #everydayeverywhere #bronx #thebronx #bx #nyc #bronxlife  #bronxstrong #whyilovethebronx #ilovethebronx\xe2\x80\xa6 https://t.co/GuZ7UghuEa'
2019-11-07 02:03:49,b'WEEKDAY MAGAZINE \xe2\x80\x93 Sustainable Tourism in The Bronx... #SupportLocal #Tourism #Travel #TheBronx #Business #SustainableTours #Tours #NewYorkCity #USA https://t.co/dULKsQqDug via @Crunchify'
2019-11-07 01:58:24,b'The Opportunity Zones in NYC With Breakout Potential... #NorthBronx #TheBronx #NewYorkCity #USA https://t.co/3fynVqPwdN'
2019-11-07 01:52:20,b'Opinion: A Love Letter to The Bronx Should Serve as an Inspiration... #NorwoodNews #TheBronxUSA #HBO #TheBronx #NewYorkCity #USA https://t.co/39q3gq6qZV'
2019-11-06 23:48:47,"b'Daphne.\n\nThe Bronx, 02 November 2019\nCamera: Nikon D810\n\xc2\xa92019 Brent Wilkins\n\n#thebronx #bronx #airbnbexperience #airbnb #airbnbexperiences #newyork #nyc #streetfashion #photoshoot @ The Bronx https://t.co/taveB1TKkH'"
2019-11-06 23:37:41,"b'Gracias @ChocolateCortes for the hospitality and tour of your facility and foundation in Puerto Rico. #Smallbizmatters TY for sharing your love of chocolate, art, education and culture with us. We look forward to you opening a location in #theBronx in 2020. #SOMOS2019 https://t.co/6X50dZS0Cs'"
2019-11-06 23:21:26,"b'Daphne.\n\nThe Bronx, 02 November 2019\nCamera: Nikon D810\n\xc2\xa92019 Brent Wilkins\n\n#thebronx #bronx #airbnbexperience #airbnb #airbnbexperiences #newyork #nyc #streetfashion #photoshoot @ The Bronx https://t.co/SRpKL3jVV2'"
2019-11-06 23:06:59,b'5 BOROUGHS: THE BRONX 3/5 #thejoker #thebronx #5boroughs #ny #nyc #iphone #iphone11promax @ Joker Stairs https://t.co/LSB88ZtbzG'
2019-11-06 23:05:08,b'Register now for our new Latin Fuzion Dance Class! \n\nClasses starts Wednesday November 13th at 6:30pm. Call us at 718-758-5901 for more information!\n\nhttps://t.co/QvIMqVnnJo\n\n#nsccbx #thebronx #newsettlement #elbronx #nyc #latindance #salsa #Merengue  #Bachata #danceclass #dance https://t.co/UjdLZUvWEK'
2019-11-06 22:17:49,b'Today\xe2\x80\x99s Special\xf0\x9f\x8d\xb4Steam Salmon with shrimp in a white wine butter sauce. Accompanied with a side of your choice and a glass of prosecco or white wine. Enjoy your evening\xe2\x9c\xa8\n#seawalkrestaurant #inwood #uptown #washingtonheights #harlem #yonkers #thebronx #dyckmanstreet #chefspecial https://t.co/KtHRgxmGkY'
2019-11-06 21:43:25,"b'The Bronx, 2019. Photo by tatscru\n #everydaybronx #everydayeverywhere #bronx #thebronx #bx #nyc #bronxlife  #bronxstrong #whyilovethebronx #ilovethebronx #bronxcommunity #bronxstorytelling #notobxgentrification\xe2\x80\xa6 https://t.co/ef8puHEigz'"
2019-11-06 21:36:47,b'Dropping this Saturday!! @evoloveglobal #BXSports #TheBronx @ BX Sports https://t.co/12D4ajzZQu'
2019-11-06 21:09:13,"b'On this past week\xe2\x80\x99s edition of The Squeeze, @harrisonsinger5 , @kharibrandes and @ryxherm break down \xe2\x80\x9cR.E.A.L.I.T.Y\xe2\x80\x9d by @IAmKRSOne. #TheSqueeze #KRSOne #REALITY #Bronx #TheBronx #TheJuiceIsLoose\xf0\x9f\x8e\x99 https://t.co/Y9z2AdeTYQ'"
2019-11-06 20:20:57,"b'To all my cannabis lovers, celebrate with us- massages, infused soap &amp; vegan edibles \xf0\x9f\xa4\xa4\xf0\x9f\xa4\xa4\xf0\x9f\xa4\xa4 #TheBronx #ElevatedTime #433Friendly https://t.co/wYLrkimtBu'"
2019-11-06 19:58:09,"b'The largest monthly rent increases in #TheBronx in September were in 1-bed units in Morris Heights/University Heights, which increased 5.5%, from $1,635 to $1,724, and 2-beds in #Riverdale, which went up 3.7%, from $2,633 to $2,730. #MNSData #MNSRealEstate #apartments #lifestyle'"
2019-11-06 19:48:41,b'The Jennings is now open! \n\xe2\x9c\x85 42 affordable &amp; supportive homes\n\xe2\x9c\x85 on-site services\n\xe2\x9c\x85 floor-to-ceiling windows\n\xe2\x9c\x85 outdoor play space \n\xe2\x9c\x85 amazing architecture\nWishing tenants a smooth transition to their new homes!\n#AffordableHousing #TheBronx https://t.co/VNxWTXthe3'
2019-11-06 19:37:59,"b'Wednesday\nNovember 6, 2019\n2:02PM\nThe Hub at the #ThirdAvenueBID in The #Bronx...\n\n#TheBronx #ShopTheHub #Hub3rdAveBID #supportsmallbiz #supportlocal #supportsmallbusiness #TheBronxdoesitbetter #everydaybronx https://t.co/vTONW3wRV2'"
2019-11-06 18:15:40,"b'Public Plazas: A Tale of Two Cities (via \xe2\x81\xa6@StreetsblogNYC\xe2\x81\xa9). #TheBronx gets the shaft, again. Tired of it! https://t.co/Ixbf51hJVC'"
2019-11-06 18:00:10,"b'for now, this has been the best way to handle the demand, but we immediately knew we had to upgrade our kitchen to be able to fulfill more orders.\n\xe2\xa0\x80\nwe appreciate all the love! we can\xe2\x80\x99t wait to open back up, and continue to serve our Vegan BODEGA Classics to the #TheBronx! \xe2\x9c\x8c\xf0\x9f\x8f\xbd\xf0\x9f\x92\x9a'"
2019-11-06 16:08:15,"b""Love that @KITH shot their most recent campaign for their collegiate collection at @FordhamNYC. So preppy! This full story is on @voguemagazine's website. https://t.co/2nWxKmKUG3 #BRONX #TheBronx"""
2019-11-06 14:34:25,"b'Insanity- repeating something over and over and expecting a different outcome...Our children deserve better! \n\n\xe2\x80\x9cSi quieren la misma cosa, voten como han votado anteriormente. Si quieren cambio, voten por mi.\xe2\x80\x9d #telemundo47 #tomasforcongress2020 #generationalpoverty #NY15 #thebronx https://t.co/3ka2XY75bf'"
2019-11-06 14:05:15,b'\xe2\x80\x9cJoker\xe2\x80\x9d Steps Attract Tourists to the Bronx... #TheBronx #Tourism #Tours #Travel #TheJoker #Culture #History #SupportLocal #SustainableTourism #NewYorkCity #USA https://t.co/9vwJfgNFx3'
2019-11-06 13:52:12,b'Cover Love: A Decade of Doing\n \nGet your copy of the Boogie Down\xe2\x80\x99s bilingual newspaper...\n \nhttps://t.co/ZvagilRB3g    \n \n#Bronx #BronxNYC #TheBronx #ElBronx #BronxFreePress #TheX https://t.co/5nDITsgevK'
2019-11-06 13:18:00,b'#capoeira shaping #Bronxkids. Photo by abadacapoeirabronx and mys181. #everydaybronx #everydayeverywhere #bronx #thebronx #bx #nyc #bronxlife  #bronxstrong #whyilovethebronx #ilovethebronx #bronxcommunity\xe2\x80\xa6 https://t.co/w3VWWOWHij'
2019-11-06 11:12:01,"b'Lol, dadlife\nHit that bio . .\n.\n.\n.\n. .\n.\n.\n.\n.\n.\n.\n#lol #memes #johnj #hiphop #rap #bx #nyc #newmusic #video #itunes #tidal #apple #google #hiphop #rappper #newyorkrap #thebronx #bangers #spotify #itunes #tidal\xe2\x80\xa6 https://t.co/1uZTHZhj8a'"
2019-11-06 08:09:29,"b""Comedy Joker VS Real Joker \xf0\x9f\x94\xa5\nLet's Party Time. \xf0\x9f\xa4\xa1\xf0\x9f\xa4\xa1\xf0\x9f\xa4\xa1\n#joker #badman #thebronx #bx https://t.co/KEjAGv6bmj"""
2019-11-06 06:40:00,b'READ \xf0\x9f\x93\x96 LISTEN \xf0\x9f\x8e\xa7 How the birth of #hiphop emerged from #TheBronx fires. \n[\xe2\x9c\x8f\xef\xb8\x8f @jellyschapiro] https://t.co/B0dGVNGSgp'
2019-11-06 06:29:32,"b""Tonight's photographs are posted at https://t.co/Q8PZaiYbGy. Please enjoy!\n\nApartment houses in Pelham Parkway South, the #Bronx.\n\n#pelhamparkwaysouth\n#pelhamparkwaysouthbronx\n#pelhamparkwaysouthnyc\n#bronxphotography \n#thebronx \n#bronxnyc\n#nycphotography\xe2\x80\xa6https://t.co/Fx3UKB92Us"""
2019-11-06 05:49:59,b'Loving the documentary #TheBronx on @HBO ! My old stomping grounds. There will never be another place like it. Still connected with my childhood friends more than 50 years later! #TarBeach #MosholuPkwy #FordhamRd #WebsterAve'
2019-11-06 02:36:32,b'The Bronx is everything! \xf0\x9f\x8f\x81\nWatch the \xf0\x9f\x93\xba @HBO documentary on The Bronx.  S/O to @dewittclinton2 \n#TheBronx #SouthBronx #Norwood #Culture #Fashion #Style #RealGeeQ #Home #Life #Soundview #Westfarms #EastTremont\xe2\x80\xa6 https://t.co/QnuSA8YakM'
2019-11-06 02:18:29,b'God blessed me to bless the mic. #sabataj #hiphop #newyork #thebronx #thecaptain https://t.co/UxSnJFJql4'
2019-11-06 01:34:10,"b'They say if you\xe2\x80\x99re the smartest person in the room, get out of the room.  I was in a room with @davidekirkland , @MeishaPorter and a lot of dedicated educators tonight.  I stayed put.  Inspiring Soulful Gathering in #TheBronx tonight'"
2019-11-06 00:31:55,b'A #Hero On Duty &amp; Off Duty \xf0\x9f\x92\x99#NYPD  Ofc says #peersupport training helped her save woman in #TheBronx \n@News12BK @News12BX \n\n https://t.co/xKICaW1AQ4\n\n@TalkToMe @BlueHelpLE @poppanyc @NYPDChiefPatrol @NYPDDCA @NYPDChiefofDept @NYPDPBBronx @NYPDSpecialops @nypdeau_1085 @NYPDDCPI'
2019-11-05 23:54:03,b'Dynamic Star Hunts Financing for $3.5B Bronx Riverfront Development... #FordhamLanding #River #TheBronx #NewYorkCity #USA https://t.co/pwhLPqaZky via @GlobeStcom'
2019-11-05 22:23:01,b'The #holidays are quickly approaching. Are you ready? The #ThirdAvenueBID is getting ready for you to make it a great one! Remember to #supportsmallbiz and #shoplocal!\n\n#TheBronx #Bronx #ShopTheHub #Hub3rdAveBID\xe2\x80\xa6 https://t.co/5I49OnGsfs'
2019-11-05 22:09:28,b'@BPEricAdams good to see the know your rights campaign . Hope it is successful . Expand it to all the boroughs school system . Creates a safer environment for all   #NYC #BKNY #Queens #SI #TheBronx'
2019-11-05 21:44:25,b'Criminalization of the poor. #DecadeofFirePBS #TheBronx https://t.co/7XUHOHpAj5'
2019-11-05 21:35:55,b'You can\xe2\x80\x99t tell me #TheBronx ain\xe2\x80\x99t beautiful! #sunset #DollarSavingsBank #skyporn https://t.co/1bp7uKhLfv'
2019-11-05 19:30:13,b'Plaza Portraits\n\nA new commercial space in busy Fordham Plaza will be used to highlight the work of five local artists.\n\nhttps://t.co/FHpJQH2lwW\n\n#FordhamPlaza #BXart #Bronx #BronxNYC #TheBronx #ElBronx #BronxFreePress #TheX https://t.co/D5Sgf1Qcjn'
2019-11-05 19:24:10,b'Dropping Saturday @evoloveglobal #BXSports #TheBronx https://t.co/rs7fwOydG9'
2019-11-05 18:50:52,b'Following tours of Gowanus &amp; Bushwick now this Sun 11/10 @ 2 tour Southern Blvd Neighborhood Rezoning in #thebronx use Code Planning for $10 off #planning #zoning #neighborhoods #Sustainability #affordablehousing #housing #sustainabledevelopment\n https://t.co/Brg2wA3pZp'
2019-11-05 18:12:04,"b""We're Pro's at delivering DELICIOUS food to you!! It doesn't matter what your view #LetMammaFeedya \xf0\x9f\x8d\x8e#Catering #officecatering #partycatering #privatechef#newyorkcity #fortlee #Brooklyn #GWbridge #nycatering #cambro#njcatering #thebronx #queensny #harlem #Fox5LUNCHBREAK https://t.co/SRSEj4tEW6"""
2019-11-05 16:46:02,b'How #hiphop music rose from the ashes of #TheBronx\xe2\x80\x99s decade of fire https://t.co/B0dGVNGSgp'
2019-11-05 15:41:52,b'Nov 5 2019 warmer tempsmbring cloudy skies\n#2ndhalftravelphotography #jonathanlessuck #travelsinthe2ndhalf #photography #artforsalebyartist #jlessuckphotography \n.\n.\n#yonkers #thebronx #thebronxnyc #nyc\xe2\x80\xa6 https://t.co/PyxWW9rOW2'
2019-11-05 15:30:04,b'Armory in the morning \n\nWest Kingsbridge Road &amp; Jerome Avenue \n\n#thebronx #bronx #thebx #bx #boogiedownbronx #bronxbestshots #everydaybronx #bxny #westbronx #kingsbridgeroad #jeromeave\xe2\x80\xa6 https://t.co/0Vvf5nxM75'
2019-11-05 15:02:12,b'#CripTheVote #EqualAccess voting is a civil right if you want change get out &amp; make it happen get out &amp; vote for a better tomorrow also support my #Fundraiser #GoSamelysGo #NY15 #TheBronx #Congress  Samelys Lopez \xe2\x80\x94 Donate via ActBlue\nhttps://t.co/0hiOuZFrJN anything will help'
2019-11-05 14:06:08,b'#thebronxismycanvas \n\nThe Bronx is my canvas\nThe Bronx is my canvas\n\n#BoogieDown #Bronx #movies #BronxNation #kodakm35 #BehindTheScenes #BehindTheStory\n\nFree Movie with Prime  \n\n#NewYork #thebronx #NYC #filmnoir #Noirvember         \n\nLink to Movie\n(link: https://t.co/YIqSL8oT7c) https://t.co/OBZt9bQGUI'
2019-11-05 13:39:41,"b""Happy #ElectionDay2019 People. Let's get after it! https://t.co/2sCEagI3ya\n#TheBronx #NYC #Virginia #Kentucky #Louisiana \n#yourvoiceyourvote"""
2019-11-05 12:38:02,b'You have the power to make light.\nOriginal James De La Vega drawing $500.\n\n#jamesdelavega #delavegaart #delavegaartist #elsiematos #delavegadrawing #fineartist #elbarrio #spanishharlem #harlem #thebronx #southbronx #uppereastside #upperwestside \n\nEmail: delaveganyc@gmail.com https://t.co/uaVvwF3Xoz'
2019-11-05 12:21:48,b'6-week-old twins hospitalized with broken bones and head injuries allegedly suffered at father\xe2\x80\x99s Bronx home; police question parents. #TheBronx https://t.co/7fBKEoCSfL'
2019-11-05 07:07:36,b'Amazing and shocking documentary #TheBronx #DecadeofFirePBS @IndependentLens https://t.co/meOTMywzPb'
2019-11-05 06:15:01,b'Do you remember when #theBronx was burning? #DecadeofFirePBS https://t.co/Hy44yQkNEF'
2019-11-05 05:41:42,b'Read more: Our Lady of the Universe: Mary Appears in #theBronx - Grand Concourse https://t.co/lq1JifR33P #Catholic #catholicism #WalterMercado #atheism #Halloween #halloween2019 #Catholictwitter #OurLadyofTheUniverse #atheists #Zelda #CIC2019 #UniteTheClans #LuigisMansion3'
2019-11-05 03:15:01,"b'Do you remember when ""#theBronx was burning""? #DecadeofFirePBS https://t.co/XTry6MKq73'"
2019-11-05 01:04:56,b'If you missed Decade of Fire at the #LiberacionFilmFestival last month dont make the same mistake again! Tonite 10PM PBS!  #gentrification #urbandestruction #resilience #TheBronx https://t.co/3iLAqNebKS'
2019-11-04 23:10:43,"b""@DidiG18 I wish @Yankees would bring you back.  You will always have your fans in #TheBronx.  I'm really going to miss your tweets after the win. I'm a Didi fan #ForLife.  #ThankYouDidi"""
2019-11-04 22:23:07,b'Will you be watching the real story about #TheBronx?\n\nDecade of Fire\n9:00pm\nPBS Channel 13\nTonight\n#DecadeofFire\n#VivianVazquezIrizarry\n#redlining #gentrification #SouthBronx #documentary #Bronxfilmmaker #BronxDocumentary https://t.co/4SDf4aUjKg https://t.co/OmqbuVLe7O'
2019-11-04 22:04:08,"b'Hey, #TheBronx! #ElectionDay is tomorrow and #YouCanVoteOnThat #Charter2019. \xf0\x9f\x97\xb3\xef\xb8\x8f\n \n\xf0\x9f\x94\xb8What are you voting on? Elections, police accountability, governance, city budget, and land use.\n\xf0\x9f\x94\xb8Find your poll site \xe2\x86\x92 https://t.co/e0BcuQKgA0\n\xf0\x9f\x94\xb8Learn more \xe2\x86\x92 https://t.co/dCz8HawrYQ or https://t.co/m9Ri8NT4Zp'"
2019-11-04 21:09:05,"b'Hey, #TheBronx! #ElectionDay is tomorrow and #YouCanVoteOnThat. \xf0\x9f\x97\xb3\xef\xb8\x8f\n \n\xf0\x9f\x94\xb8What are you voting on? Elections, police accountability, governance, city budget, and land use.\n\xf0\x9f\x94\xb8Find your poll site \xe2\x86\x92 https://t.co/5n80CjybU5\n\xf0\x9f\x94\xb8Learn more \xe2\x86\x92 https://t.co/5GzEc8tKTk https://t.co/KMt3vG3E7C'"
2019-11-04 20:56:05,b'#KnockDowntheHouse #RachelLears #AlexandriaOcasioCortez #netflix #democrats #NewYorkCity #theBronx Excellent documentary. Ocasio-Cortez very likeable young woman. https://t.co/Qny7UvbATJ'
2019-11-04 20:49:44,b'The best way to enjoy your #Monday is with our #HappyHour ALL DAY \xf0\x9f\x99\x8c\xf0\x9f\x8f\xbd\xe2\x9c\xa8#seawalkrestaurant #inwood #uptown #washingtonheights #harlem #yonkers #thebronx #dyckmanstreet #manhattan #restaurant #nyc #newyorkcity #mojito #cocktail #cocktails #bar https://t.co/z5QshK2NsL'
2019-11-04 20:37:58,b'That part ! #TheBronx https://t.co/cZpJzjGykL'
2019-11-04 20:11:39,b'Tune into #CopWatchAmerica Wednesday night at 11pm only on @bet. \n\nYou can help get more activists to Congress by joining the watch party November 13th.\n\nGo to https://t.co/S2vfpahyal for tickets! \n\n#newsomeforcongress #ny15 #thebronx #powertoall https://t.co/VWaDVWuLOG'
2019-11-04 19:12:05,b'Tonight on @PBS \xe2\x80\x98Decade of Fire\xe2\x80\x99 Why The Bronx Burned.\nhttps://t.co/ZIOZ7wqXX3 @decadeoffire @TheSecretList @fdny #decadeoffire #stayfightbuild #thebronx #fire #firefighters #firefighter https://t.co/GT12dDuC4T'
2019-11-04 19:11:44,b'Tonight on @PBS \xe2\x80\x98Decade of Fire\xe2\x80\x99 Why The Bronx Burned.\nhttps://t.co/X4fmhTDSrd @decadeoffire @TheSecretList @fdny #decadeoffire #stayfightbuild #thebronx #fire #firefighters #firefighter https://t.co/d1VoKiCVvW'
2019-11-04 18:05:12,"b""I REALLY WANNA KNOW WHY #THEBRONX DON'T GOT NO MAIN ATTRACTIONS BUT YANKEE STADIUM \xf0\x9f\x99\x84 LIKE WE WANNA BE ABLE TO HOP THE TRAIN 2-8 STOPS AND SEE A CONCERT OR WHATEVER .. FUCK I GOTTA GO ALL THE WAY TO JERSEY FOR ? NO FUNNY SHIT EXPAND Y.S SO THEY COULD THROW CONCERTS AND ALL"""
2019-11-04 17:00:00,b'TONIGHT #DecadeofFirePBS premieres on @PBS. Tune in or stream. \n#TheBronx https://t.co/l1MHonrI9o'
2019-11-04 14:31:41,b'What she said\xf0\x9f\x91\x87 #TheBronx https://t.co/H3hWJnay3S'
2019-11-04 14:05:53,"b'#Smallbusinessowners, #coops, &amp; #nonprofits in the #BoogieDown Bronx:\n\nDo you have #proofreading, #copyediting, or #webdesign needs?\n\nChoose #InkblotCraft, a new worker coop based in #TheBronx, for #editing and #website services: https://t.co/cSZy9WIK1x'"
2019-11-04 13:47:30,b'My first Marathon in the bag. Next year look out\n#tcsnycmarathon #nyrr #sosore #nyc #newyorkcity #statenisland #brooklyn #queens #manhattan #thebronx #centralpark #finisher #rickflairdrip #medal #medalmonday https://t.co/FPgHfqtouy'
2019-11-04 13:20:49,"b'Family-held building reopens as new executive space\n\nLocated at 2823 Third Avenue and run by Elidex Realty, the development is a four-story modern office space designed to boost the business profile of the busy commercial district.\n\nhttps://t.co/LxEgMbeKGu\n\n#TheBronx #ElBronx https://t.co/7vLNFNykOr'"
2019-11-04 12:51:49,b'BX ALL DAY \xf0\x9f\x99\x85\xf0\x9f\x8f\xbd\xe2\x80\x8d\xe2\x99\x82\xef\xb8\x8f\xf0\x9f\x92\xaa\xf0\x9f\x8f\xbd\xf0\x9f\x99\x85\xf0\x9f\x8f\xbd\xe2\x80\x8d\xe2\x99\x80\xef\xb8\x8f Shoutout to everyone who\xe2\x80\x99s stopped by wallworkstwo and showed love. We can\xe2\x80\x99t thank you enough for the support \xf0\x9f\x99\x8f\xf0\x9f\x8f\xbd #thebronx #bx #thebronxbrand #wallworkstwo #wallworks #wallworksny\xe2\x80\xa6 https://t.co/bSiir7XMla'
2019-11-04 12:34:31,"b'#gm #thebronx #ruthstruth @ Norwood, Bronx https://t.co/1TvV5xG4or'"
2019-11-04 10:20:37,b'2019 TCS New York City Marathon\n#tcsnycmarathon2019 #TCSNYCMarathon #TheBronx https://t.co/AMmqQK3zw0'
2019-11-04 10:08:35,b'Check out Skunk K-9 Smell Proof Case w/ Combo Lock- Black Weed Storage By Mana https://t.co/54lGcluXM9 @eBay #blue #yellow #red #TEXAS #PuertoRican #Dominican #thebronx #instalike #smokey #'
2019-11-04 05:38:19,b'#HappyBirthday to @m0nica113 who always puts family and others first! May you feel like a queen on your special day! YOU DESERVE IT! \xc2\xa1\xc2\xa1Feliz Cumplea\xc3\xb1os Moni!! #familia #family\n*\n*\n*\n*\n#thebronx #puertorico #celebration #birthdaygirl https://t.co/WlU3y30vI9'
2019-11-04 05:05:54,"b'Snap Scene: The Bronx, Forum Theatre, Melbourne 27th October 2017 https://t.co/pueBupjuub #JobyJ.Ford #Pennywise #KenHorne #TheBronx #DavidHidalgoJr #MattCaughthran https://t.co/kwkKY6Coza'"
2019-11-04 04:13:28,b'Read more: Our Lady of the Universe: Mary Appears in #theBronx - Grand Concourse https://t.co/lq1JifR33P #Catholic #catholicism #WalterMercado #atheism #Halloween #halloween2019  #religion #Catholictwitter #OurLadyofTheUniverse #atheists #Zelda #CIC2019 #UniteTheClans'
2019-11-04 04:12:19,b'Learn more about the apparitions of #OurLady.  #Catholic #catholicism #atheism #CatholicChurch #VirginMary #Rosary #Bronx #Thebronx #Catholictwitter #OurLadyofTheUniverse #Atheists #Catholics  #CatholicEdChat #Catolico #CIC2019 #UniteTheClans https://t.co/sEKoOfloNl'
2019-11-04 03:40:00,b'Investigating the 1970s fires that burned #theBronx. #DecadeofFirePBS\n[\xe2\x9e\xa0 @democracynow] \nhttps://t.co/rizy0H87vv'
2019-11-04 02:03:10,b'Really looking forward to this place making initiative coming to fruition and to checking out this playlist!!#TheBronx #citylife #community #NewYorkCity https://t.co/dnR06lo3ll'
2019-11-04 01:40:29,"b'Congrats to @OpenSociety\xe2\x80\x99s own Gemma Aafjes-Hilverdink, on completing the @nycmarathon, see here at the 20-mile mark in #TheBronx! https://t.co/qG6uJcb8m4'"
2019-11-04 00:58:10,"b'Daphne.\n\nThe Bronx, 02 November 2019\nCamera: Nikon D810\n\xc2\xa92019 Brent Wilkins\n\n#grandconcourse #artdeco #artdecoarchitecture #thebronx #bronx #airbnbexperience #airbnb #airbnbexperiences #newyork #nyc #streetfashion\xe2\x80\xa6 https://t.co/nsaKANc8C8'"
2019-11-04 00:44:28,"b'@Twitter, why is my location listed ""Bronx, NY"" and not ""The Bronx, NY"" #theBronx https://t.co/8mWLwzdyj2'"
2019-11-03 23:47:54,"b'While thousands ran the @nyrr #nycmarathon, a small group in #thebronx took a walk instead...with a side of history @News12BX https://t.co/f19W6uPMsC'"
2019-11-03 23:46:39,b'ICYMI Check out how Bronx veterans celebrated former armed service members over the weekend in advance of #veteransday next week #veterans #thebronx @News12BX  https://t.co/w1TQ8PF8VS'
2019-11-03 23:43:20,b'This redo was taken yesterday evening. #bronx #thebronx #fromthebronx #lovingthebronx #ilovethebronx #thebronxisbeautiful #uptownnyc #washingtonheights #everydaybronx #mtaartsdesign #newyork_ig #newyork_photoshoots #nycdotgram #nyc_dot #bridge #bridgelif\xe2\x80\xa6 https://t.co/zhuOIR3mNZ https://t.co/GSAdzStXNx'
2019-11-03 22:44:51,b'#CitizenApp oh nothing to see here... Snakes all over the place \xf0\x9f\x90\x8d \xf0\x9f\x90\x8d\xf0\x9f\x90\x8d #TheBronx \xf0\x9f\x98\x86 https://t.co/kHiuZc6LIg'
2019-11-03 22:31:47,"b'Shadow Run \n2019.11.03 \n13:35 EST  \nBronx, NY \n#NYCMarathon #138thStreet #MottHaven #SouthBronx #TheBronx #Bronx #BX #NYC https://t.co/QAjRawKNqQ'"
2019-11-03 22:19:46,b'I love NYC marathon! These people inspire me to be better. The least I can do is show up and cheer them on. From the Bronx to Harlem I support runners! \xf0\x9f\x8f\x81\xf0\x9f\x92\x99\xf0\x9f\x92\x99\xf0\x9f\x92\x99\n #nyrr #nycmarathon2019 #thebx #thebronx #harlem #26.2\xe2\x80\xa6 https://t.co/4osk4nSbzh'
2019-11-03 22:12:11,"b'\xf0\x9f\xa4\x98\xf0\x9f\x8f\xbcWe Will Cheer You On Loud In Da BX \xf0\x9f\x92\xaa\xf0\x9f\x8f\xbc\n2019.11.03 \n13:54 EST \nBronx, NY \n#NYCMarathon #138thStreet  #MottHaven #SouthBronx #TheBronx #Bronx #BX #NYC @ 138th Street\xe2\x80\x93Grand Concourse https://t.co/0glwoXIJvU'"
2019-11-03 21:19:42,b'And we were welcomed #thebronx @nycmarathon #twitterintherun https://t.co/HcYa2g2ij8'
2019-11-03 21:00:55,"b'I did early voting, and it was faaaaar. Nearly 1 mile each way! Here\xe2\x80\x99s a time lapse back home \xe2\x80\x94 almost all uphill. The Central #Harlem voting precinct is closer to #TheBronx than to my home in #HamiltonHeights Harlem. https://t.co/xT6EWGarPL'"
2019-11-03 20:35:46,b'Check out this Meetup: We Got Options!! Meetup for the Riverdale Location November 22.  See you then! https://t.co/zkqTiONgd5 #Meetup #TheBronx via @Meetup'
2019-11-03 20:27:59,"b""The #ThirdAvenueBID would like to welcome the 50,000 runners coming through The #Bronx for today's #tcsnycmarathon!\n\n#TheBronx #ShopTheHub #Hub3rdAveBID #supportsmallbiz #supportlocal #supportsmallbusiness\xe2\x80\xa6 https://t.co/9op6jTPAYH"""
2019-11-03 20:26:22,"b'Another Chipotle coming to the Bronx on Westchester Square. #chipotlemexicangrill #chipotle #thebronx #bronx #nyc #newyorkcity #tacos #burritos @ Westchester Square, Bronx https://t.co/58sBMLCtrP'"
2019-11-03 20:17:39,"b""hehe, the HBO show The Bronx, USA: the opening song was filmed in my neighborhood Mosholo parkway. I just started watching it seeing a lot of places I've grown up at and still living at. Check it out!  #thebronx #hbo #hbogo #theneighborhood #bronx #nyc"""
2019-11-03 20:01:31,"b'Magical afternoon on the Bronx River with @ilovieny thanks to the @BxRiverAlliance alliance. Fall in #theBronx is beautiful. @ Bronx, New York https://t.co/kC8pLsdQfp'"
2019-11-03 19:47:31,"b'Welcome to The #Bronx, #tcsnycmarathon runners!\n\n#welcome2thebronx\n\n#TheBronx #ilovethebronx #thebronxisbeautiful #welcometothebronx #myBronx #yourBronx #ourBronx #everydaybronx #thisisthebronx #SeeYourCity #thisisnewyorkcity #newyorkcity #newyork #nyc #\xe2\x80\xa6 https://t.co/p2FVkbLjV7 https://t.co/Ws2Cz0sjnm'"
2019-11-03 19:45:35,b'Shoutout to bronxnomads and @JustinMashia and all the Bronx Runners participating in the  @nycmarathon today \xf0\x9f\x99\x85\xf0\x9f\x8f\xbd\xe2\x80\x8d\xe2\x99\x82\xef\xb8\x8f\xf0\x9f\x8f\x83\xf0\x9f\x8f\xbd\xe2\x80\x8d\xe2\x99\x82\xef\xb8\x8f\xf0\x9f\x8f\x83\xf0\x9f\x8f\xbd\xe2\x80\x8d\xe2\x99\x80\xef\xb8\x8f\xf0\x9f\x99\x85\xf0\x9f\x8f\xbd\xf0\x9f\x97\xbd #nycmarathon #bronxrunners #not62 #bronxsole #bronxnomads #bxny #thebronx #manhattan\xe2\x80\xa6 https://t.co/yUDKx6dqL1'
2019-11-03 19:34:16,b'#hopthatshit #MTA #NYC ON MY WAY TO THE TRAIN RIGHT NOW TO HOP \xf0\x9f\xa4\xa3 #free99 #Brooklyn #Queens #Thebronx #Manhattan  #lowkeymar https://t.co/ATQ39Ruh2B'
2019-11-03 19:22:23,"b'Daphne.\n\nThe Bronx, 02 November 2019\nCamera: Nikon D810\n\xc2\xa92019 Brent Wilkins\n\n#jokerstairs #thebronx #bronx #airbnbexperience #airbnb #airbnbexperiences #newyork #nyc #streetfashion #photoshoot @ The Bronx https://t.co/q5hRpGoPTD'"
2019-11-03 18:49:37,"b'You Got This @degi14 ! \xf0\x9f\x92\xaa\xf0\x9f\x8f\xbc\xf0\x9f\xa4\x98\xf0\x9f\x8f\xbc\n2019.11.03 \n13:42 EST \nBronx, NY \n#NYCMarathon #138thStreet  #MottHaven #SouthBronx #TheBronx #Bronx #BX #NYC https://t.co/AdPuru8WzQ'"
2019-11-03 17:40:16,b'La Joker had her kicks this Halloween/Dia de los Muertos/Songs of Love &amp; Resistance weekend... #magical #labruja #lajoker #joker #thebronx #halloween #diadelosmuertos #party #live #concert #friends #family #fun\xe2\x80\xa6 https://t.co/DqvbBj6gg1'
2019-11-03 17:24:54,"b'Wait,  it looks like some went straight, while the majority made a turn on that spot in #TheBronx. What is that about? #TCSNYCMarathon #nycmarathon2019'"
2019-11-03 16:41:50,"b'Poll: AOC disliked, distrusted, unwanted in her own NY district https://t.co/22OyxrmURp #AOC #AlexandriaOcasioCortez #newyork #thebronx #queens #queensny #thebronxny #newyorkers @ScherieMurray #scheriemurray #2020 #votescheriemurray'"
2019-11-03 16:41:24,"b'Daphne.\n\nThe Bronx, 02 November 2019\nCamera: Nikon D810\n\xc2\xa92019 Brent Wilkins\n\n#jokerstairs #thebronx #bronx #airbnbexperience #airbnb #airbnbexperiences #newyork #nyc #streetfashion #photoshoot @ The Bronx https://t.co/KqkBNZC0OB'"
2019-11-03 16:21:01,"b'Daphne.\n\nThe Bronx, 02 November 2019\nCamera: Nikon D810\n\xc2\xa92019 Brent Wilkins\n\n#jokerstairs #thebronx #bronx #airbnbexperience #airbnb #airbnbexperiences #newyork #nyc #streetfashion #photoshoot @ The Bronx https://t.co/UgKGxIqZSk'"
2019-11-03 16:10:51,"b""It's play time! \xf0\x9f\x98\x83\n\nOur friends in Baako, Kingergarten class, are all smiles during play time. During this time, our teachers are able to assess social emotional learning as well as gross and fine motor skills.\n\n#thebronx #weareheketi https://t.co/ANuvuvC3x3"""
2019-11-03 15:57:55,"b""#GoldenAgeRap classic right here by #BDP. \nYes I do remember this, I didn't just stumble on this. I'm not new to rap since I've been listening to it since 1982 - I was 5.\n\n@IAmKRSOne #TheBronx #Edutainment\n#Rap #music #SundayThoughts #YouMustLearn #BLM \n\nhttps://t.co/FdhBfCqU0w"""
2019-11-03 15:41:13,b'In #TheBronx this thing would be on milk crates... but this is #Texas baby!!\n@terryschappert @EternalQuest27 @Sal_LaBarbera @bigricanman https://t.co/Y3CtoWGStC'
2019-11-03 14:08:13,"b'5 days!  Then we rock! \xf0\x9f\x9a\xa2 \xf0\x9f\xa5\x83 #sdc2019 floggingmollycruise #FloggingMolly #FrankTurner #StiffLittleFingers #Hepcat #TheBronx #PoundedByTheSurf #MariachiElBronx #saltydogcruise #underwayagain @ Fort Lauderdale, Florida https://t.co/cgaiSeJ8RR'"
2019-11-03 11:27:46,b'There\xe2\x80\x99s nothing like a Sunday morning walk in #centralpark in the #fall #autumn \n#NewYork #newyorkcity #manhattan #newyorkcity #brooklyn #thebronx #queens #statenisland #newyorknewyork #bigapple  #newyorkstateofmind\xe2\x80\xa6 https://t.co/sFHnRBQJQQ'
2019-11-03 11:07:57,"b'We took this photo in #Bushwick last year. The question still stands, where is the real NYC? #NYC #Manhattan #Brooklyn #Queens #TheBronx #StatenIsland https://t.co/lysjUeBCPL'"
2019-11-03 07:31:42,"b'Snap Scene: The Bronx, Forum Theatre, Melbourne 27th October 2017 https://t.co/isnPJP9D1L #KenHorne #JobyJ.Ford #Pennywise #MattCaughthran #TheBronx #DavidHidalgoJr https://t.co/of1A8FTaII'"
2019-11-03 05:31:06,"b'Daphne.\n\nThe Bronx, 02 November 2019\nCamera: Nikon D810\n\xc2\xa92019 Brent Wilkins\n\n#jokerstairs #thebronx #airbnbexperience #airbnb #airbnbexperiences #newyork #nyc #streetfashion #photoshoot @ The Bronx https://t.co/Md09EiYbnO'"
2019-11-03 04:53:08,"b""Celebrating my sis, Jessie's Bday! #sisters #cousins #thebronx @ Bronx, NY https://t.co/Hjx1LEdkMj"""
2019-11-03 03:03:14,"b'Snap Scene: The Bronx, Forum Theatre, Melbourne 27th October 2017 https://t.co/lVErqt8pRo #TheBronx #DavidHidalgoJr #JobyJ.Ford #KenHorne #MattCaughthran #Pennywise https://t.co/2FUJYUaIGF'"
2019-11-03 00:40:13,"b'Daphne.\n\nThe Bronx, 02 November 2019\nCamera: Nikon D810\n\xc2\xa92019 Brent Wilkins\n\n#jokerstairs #thebronx #airbnbexperience #airbnb #airbnbexperiences #streetfashion #photoshoot @ The Bronx https://t.co/h3eiJnfqwM'"
2019-11-03 00:38:27,b'And then God created #TheBronx. #nonutnovemeber'
2019-11-03 00:12:39,"b""@THEKIDMERO This doc caught my eye cuz my Dad went to DeWitt Clinton (class '62) and I spent most weekends of my childhood at my grandparent's apt in #TheBronx. Wondering if you have seen it yet. This is a pretty thorough review. #DWC #NYC https://t.co/ZUtWqORVIk"""
2019-11-02 23:25:35,b'Rockin my thebwapparel  \xe2\x80\x9c87 Classic Tee\xe2\x80\x9d in the color \xe2\x80\x9cCherry Red\xe2\x80\x9d paired with my \xe2\x80\x9c87 Classic Slides\xe2\x80\x9d (SUPER COMFORTABLE)\nShop https://t.co/w5vJNlvlaC and support my guy @smoss \n\xe2\x80\xa2\n\xe2\x80\xa2\n\xe2\x80\xa2\n\xe2\x80\xa2\n#NYC #TheBronx #BowWow #ShadMoss\xe2\x80\xa6 https://t.co/eZBcNjFCZK'
2019-11-02 22:34:59,b'@chrisemdin thanks for taking time to meet with our students after the How to Hip-Hop Conference @LehmanCollege #TheBronx https://t.co/M3eKmMhaXZ'
2019-11-02 22:07:00,b'NYCFC Stadium: Hope of a legitimate home shines a bit brighter for fans... #NYCFC\xc2\xa0 #Soccer #MLS #NYY #YankeeStadium #TheBronx #Sports #Stadium #Fans #NYC #NewYorkCity #USA https://t.co/o4xgHnRHGa'
2019-11-02 20:13:56,b'Drew Gardens Volunteer Day! @FannieLouHS supporting the community. #CommunityEngagement #TheBronx https://t.co/WDecfdJaDL'
2019-11-02 20:03:29,b'Discover the most and least affordable places in America to rent a home... #BronxEconomy #Salary #Jobs #TheBronx #BadEconomy #Income #Inequality #NewYorkCity #USA https://t.co/dwNRQtDCbY #FoxBusiness'
